/*ETUDIANTS*/
INSERT INTO ETUDIANTS (NumEtu,NomEtu,PrenomEtu) VALUES (1,'Courtney','Delacruz');
INSERT INTO ETUDIANTS (NumEtu,NomEtu,PrenomEtu) VALUES (2,'Nicole','Chaney');
INSERT INTO ETUDIANTS (NumEtu,NomEtu,PrenomEtu) VALUES (3,'Denise','Forbes');
INSERT INTO ETUDIANTS (NumEtu,NomEtu,PrenomEtu) VALUES (4,'Kamal','Alston');
INSERT INTO ETUDIANTS (NumEtu,NomEtu,PrenomEtu) VALUES (5,'James','Roberson');
INSERT INTO ETUDIANTS (NumEtu,NomEtu,PrenomEtu) VALUES (6,'Suki','Knowles');
INSERT INTO ETUDIANTS (NumEtu,NomEtu,PrenomEtu) VALUES (7,'Lacey','Christian');
INSERT INTO ETUDIANTS (NumEtu,NomEtu,PrenomEtu) VALUES (8,'Whoopi','Sanchez');
INSERT INTO ETUDIANTS (NumEtu,NomEtu,PrenomEtu) VALUES (9,'Amanda','Hebert');
INSERT INTO ETUDIANTS (NumEtu,NomEtu,PrenomEtu) VALUES (10,'Xanthus','Serrano');
INSERT INTO ETUDIANTS (NumEtu,NomEtu,PrenomEtu) VALUES (11,'Priscilla','Odom');
INSERT INTO ETUDIANTS (NumEtu,NomEtu,PrenomEtu) VALUES (12,'Sydney','Hinton');
INSERT INTO ETUDIANTS (NumEtu,NomEtu,PrenomEtu) VALUES (13,'Willow','Wyatt');
INSERT INTO ETUDIANTS (NumEtu,NomEtu,PrenomEtu) VALUES (14,'Allen','Barron');
INSERT INTO ETUDIANTS (NumEtu,NomEtu,PrenomEtu) VALUES (15,'Rebecca','Hatfield');
INSERT INTO ETUDIANTS (NumEtu,NomEtu,PrenomEtu) VALUES (16,'Elizabeth','Manning');
INSERT INTO ETUDIANTS (NumEtu,NomEtu,PrenomEtu) VALUES (17,'Jerome','Lester');
INSERT INTO ETUDIANTS (NumEtu,NomEtu,PrenomEtu) VALUES (18,'Thane','Carr');
INSERT INTO ETUDIANTS (NumEtu,NomEtu,PrenomEtu) VALUES (19,'Alice','Landry');
INSERT INTO ETUDIANTS (NumEtu,NomEtu,PrenomEtu) VALUES (20,'Wynne','Kirby');

/*ENSEIGNANTS*/

INSERT INTO ENSEIGNANTS (NumEns,NomEns,PrenomEns) VALUES (1,'Macaulay','Knox');
INSERT INTO ENSEIGNANTS (NumEns,NomEns,PrenomEns) VALUES (2,'Jade','Palmer');
INSERT INTO ENSEIGNANTS (NumEns,NomEns,PrenomEns) VALUES (3,'Gannon','Stephenson');
INSERT INTO ENSEIGNANTS (NumEns,NomEns,PrenomEns) VALUES (4,'Anika','Garrison');
INSERT INTO ENSEIGNANTS (NumEns,NomEns,PrenomEns) VALUES (5,'Francesca','Dejesus');
INSERT INTO ENSEIGNANTS (NumEns,NomEns,PrenomEns) VALUES (6,'Ruth','Scott');
INSERT INTO ENSEIGNANTS (NumEns,NomEns,PrenomEns) VALUES (7,'Ashely','Aguilar');
INSERT INTO ENSEIGNANTS (NumEns,NomEns,PrenomEns) VALUES (8,'Maia','Steele');
INSERT INTO ENSEIGNANTS (NumEns,NomEns,PrenomEns) VALUES (9,'Ariana','Cline');
INSERT INTO ENSEIGNANTS (NumEns,NomEns,PrenomEns) VALUES (10,'Flynn','Evans');
INSERT INTO ENSEIGNANTS (NumEns,NomEns,PrenomEns) VALUES (11,'Veda','Clemons');
INSERT INTO ENSEIGNANTS (NumEns,NomEns,PrenomEns) VALUES (12,'Kelly','Forbes');
INSERT INTO ENSEIGNANTS (NumEns,NomEns,PrenomEns) VALUES (13,'Alfonso','Bentley');
INSERT INTO ENSEIGNANTS (NumEns,NomEns,PrenomEns) VALUES (14,'Joelle','Martinez');
INSERT INTO ENSEIGNANTS (NumEns,NomEns,PrenomEns) VALUES (15,'Isaiah','Glass');
INSERT INTO ENSEIGNANTS (NumEns,NomEns,PrenomEns) VALUES (16,'Alyssa','Wade');
INSERT INTO ENSEIGNANTS (NumEns,NomEns,PrenomEns) VALUES (17,'Whilemina','Rhodes');
INSERT INTO ENSEIGNANTS (NumEns,NomEns,PrenomEns) VALUES (18,'Theodore','Knapp');
INSERT INTO ENSEIGNANTS (NumEns,NomEns,PrenomEns) VALUES (19,'Dawn','Peck');
INSERT INTO ENSEIGNANTS (NumEns,NomEns,PrenomEns) VALUES (20,'Zachary','Rich');

/*SALES*/

INSERT INTO SALLES (NumSal,NomSal,CapaciteSal) VALUES (1,'Egestas LLC',129);
INSERT INTO SALLES (NumSal,NomSal,CapaciteSal) VALUES (2,'Nunc Nulla PC',45);
INSERT INTO SALLES (NumSal,NomSal,CapaciteSal) VALUES (3,'Nunc Sed Orci Consulting',94);
INSERT INTO SALLES (NumSal,NomSal,CapaciteSal) VALUES (4,'Curabitur Foundation',71);
INSERT INTO SALLES (NumSal,NomSal,CapaciteSal) VALUES (5,'Facilisis Foundation',171);
INSERT INTO SALLES (NumSal,NomSal,CapaciteSal) VALUES (6,'Vitae LLP',51);
INSERT INTO SALLES (NumSal,NomSal,CapaciteSal) VALUES (7,'Ac Fermentum Vel Ltd',7);
INSERT INTO SALLES (NumSal,NomSal,CapaciteSal) VALUES (8,'Curae; LLP',83);
INSERT INTO SALLES (NumSal,NomSal,CapaciteSal) VALUES (9,'Vitae Corporation',134);
INSERT INTO SALLES (NumSal,NomSal,CapaciteSal) VALUES (10,'Et Eros Proin PC',134);
INSERT INTO SALLES (NumSal,NomSal,CapaciteSal) VALUES (11,'Nulla Donec Foundation',144);
INSERT INTO SALLES (NumSal,NomSal,CapaciteSal) VALUES (12,'A Ultricies Adipiscing Associates',119);
INSERT INTO SALLES (NumSal,NomSal,CapaciteSal) VALUES (13,'Arcu Vivamus Ltd',101);
INSERT INTO SALLES (NumSal,NomSal,CapaciteSal) VALUES (14,'Feugiat Placerat Industries',57);
INSERT INTO SALLES (NumSal,NomSal,CapaciteSal) VALUES (15,'Montes Nascetur Corporation',129);
INSERT INTO SALLES (NumSal,NomSal,CapaciteSal) VALUES (16,'Ultrices Sit Institute',116);
INSERT INTO SALLES (NumSal,NomSal,CapaciteSal) VALUES (17,'Suspendisse Foundation',92);
INSERT INTO SALLES (NumSal,NomSal,CapaciteSal) VALUES (18,'Neque Limited',155);
INSERT INTO SALLES (NumSal,NomSal,CapaciteSal) VALUES (19,'Luctus Vulputate Consulting',110);
INSERT INTO SALLES (NumSal,NomSal,CapaciteSal) VALUES (20,'Amet Ante Vivamus Associates',187);

/*EPREUVES*/
INSERT INTO EPREUVES (NumEpr,NomEpr,DureeEpr) VALUES (1,'Ankara',INTERVAL '65' MINUTE);
INSERT INTO EPREUVES (NumEpr,NomEpr,DureeEpr) VALUES (2,'Hatay',INTERVAL '65' MINUTE);
INSERT INTO EPREUVES (NumEpr,NomEpr,DureeEpr) VALUES (3,'North Island',INTERVAL '65' MINUTE);
INSERT INTO EPREUVES (NumEpr,NomEpr,DureeEpr) VALUES (4,'BC',INTERVAL '65' MINUTE);
INSERT INTO EPREUVES (NumEpr,NomEpr,DureeEpr) VALUES (5,'Ogun',INTERVAL '65' MINUTE);
INSERT INTO EPREUVES (NumEpr,NomEpr,DureeEpr) VALUES (6,'IL',INTERVAL '65' MINUTE);
INSERT INTO EPREUVES (NumEpr,NomEpr,DureeEpr) VALUES (7,'C',INTERVAL '65' MINUTE);
INSERT INTO EPREUVES (NumEpr,NomEpr,DureeEpr) VALUES (8,'New South Wales',INTERVAL '65' MINUTE);
INSERT INTO EPREUVES (NumEpr,NomEpr,DureeEpr) VALUES (9,'Ulster',INTERVAL '65' MINUTE);
INSERT INTO EPREUVES (NumEpr,NomEpr,DureeEpr) VALUES (10,'NI',INTERVAL '65' MINUTE);
INSERT INTO EPREUVES (NumEpr,NomEpr,DureeEpr) VALUES (11,'TN',INTERVAL '65' MINUTE);
INSERT INTO EPREUVES (NumEpr,NomEpr,DureeEpr) VALUES (12,'Vienna',INTERVAL '65' MINUTE);
INSERT INTO EPREUVES (NumEpr,NomEpr,DureeEpr) VALUES (13,'Ist',INTERVAL '65' MINUTE);
INSERT INTO EPREUVES (NumEpr,NomEpr,DureeEpr) VALUES (14,'OV',INTERVAL '65' MINUTE);
INSERT INTO EPREUVES (NumEpr,NomEpr,DureeEpr) VALUES (15,'LAZ',INTERVAL '65' MINUTE);
INSERT INTO EPREUVES (NumEpr,NomEpr,DureeEpr) VALUES (16,'Ontario',INTERVAL '65' MINUTE);
INSERT INTO EPREUVES (NumEpr,NomEpr,DureeEpr) VALUES (17,'Metropo',INTERVAL '65' MINUTE);
INSERT INTO EPREUVES (NumEpr,NomEpr,DureeEpr) VALUES (18,'Madrid',INTERVAL '65' MINUTE);
INSERT INTO EPREUVES (NumEpr,NomEpr,DureeEpr) VALUES (19,'KA',INTERVAL '65' MINUTE);
INSERT INTO EPREUVES (NumEpr,NomEpr,DureeEpr) VALUES (20,'C',INTERVAL '65' MINUTE);

/*INSCRIPTIONS*/

INSERT INTO INSCRIPTIONS (NumEtu,NumEpr) VALUES (8,12);
INSERT INTO INSCRIPTIONS (NumEtu,NumEpr) VALUES (8,8);
INSERT INTO INSCRIPTIONS (NumEtu,NumEpr) VALUES (2,10);
INSERT INTO INSCRIPTIONS (NumEtu,NumEpr) VALUES (8,5);
INSERT INTO INSCRIPTIONS (NumEtu,NumEpr) VALUES (4,15);
INSERT INTO INSCRIPTIONS (NumEtu,NumEpr) VALUES (17,13);
INSERT INTO INSCRIPTIONS (NumEtu,NumEpr) VALUES (10,19);
INSERT INTO INSCRIPTIONS (NumEtu,NumEpr) VALUES (8,4);
INSERT INTO INSCRIPTIONS (NumEtu,NumEpr) VALUES (15,14);
INSERT INTO INSCRIPTIONS (NumEtu,NumEpr) VALUES (16,12);
INSERT INTO INSCRIPTIONS (NumEtu,NumEpr) VALUES (10,4);
INSERT INTO INSCRIPTIONS (NumEtu,NumEpr) VALUES (16,13);
INSERT INTO INSCRIPTIONS (NumEtu,NumEpr) VALUES (8,18);
INSERT INTO INSCRIPTIONS (NumEtu,NumEpr) VALUES (8,4);
INSERT INTO INSCRIPTIONS (NumEtu,NumEpr) VALUES (7,8);
INSERT INTO INSCRIPTIONS (NumEtu,NumEpr) VALUES (13,12);
INSERT INTO INSCRIPTIONS (NumEtu,NumEpr) VALUES (2,5);
INSERT INTO INSCRIPTIONS (NumEtu,NumEpr) VALUES (11,15);
INSERT INTO INSCRIPTIONS (NumEtu,NumEpr) VALUES (8,9);
INSERT INTO INSCRIPTIONS (NumEtu,NumEpr) VALUES (11,11);
INSERT INTO INSCRIPTIONS (NumEtu,NumEpr) VALUES (7,17);
INSERT INTO INSCRIPTIONS (NumEtu,NumEpr) VALUES (20,7);
INSERT INTO INSCRIPTIONS (NumEtu,NumEpr) VALUES (19,12);
INSERT INTO INSCRIPTIONS (NumEtu,NumEpr) VALUES (8,1);
INSERT INTO INSCRIPTIONS (NumEtu,NumEpr) VALUES (17,16);
INSERT INTO INSCRIPTIONS (NumEtu,NumEpr) VALUES (18,17);
INSERT INTO INSCRIPTIONS (NumEtu,NumEpr) VALUES (5,20);
INSERT INTO INSCRIPTIONS (NumEtu,NumEpr) VALUES (18,12);
INSERT INTO INSCRIPTIONS (NumEtu,NumEpr) VALUES (11,15);
INSERT INTO INSCRIPTIONS (NumEtu,NumEpr) VALUES (19,2);
INSERT INTO INSCRIPTIONS (NumEtu,NumEpr) VALUES (16,14);
INSERT INTO INSCRIPTIONS (NumEtu,NumEpr) VALUES (20,11);
INSERT INTO INSCRIPTIONS (NumEtu,NumEpr) VALUES (8,3);
INSERT INTO INSCRIPTIONS (NumEtu,NumEpr) VALUES (18,4);
INSERT INTO INSCRIPTIONS (NumEtu,NumEpr) VALUES (11,6);
INSERT INTO INSCRIPTIONS (NumEtu,NumEpr) VALUES (14,7);
INSERT INTO INSCRIPTIONS (NumEtu,NumEpr) VALUES (13,20);
INSERT INTO INSCRIPTIONS (NumEtu,NumEpr) VALUES (8,17);
INSERT INTO INSCRIPTIONS (NumEtu,NumEpr) VALUES (9,19);
INSERT INTO INSCRIPTIONS (NumEtu,NumEpr) VALUES (5,12);
INSERT INTO INSCRIPTIONS (NumEtu,NumEpr) VALUES (19,15);

/*HORAIRES*/
INSERT INTO HORAIRES (NumEpr,DateHeureDebut) VALUES (14,'03-05-17 10:30:10');
INSERT INTO HORAIRES (NumEpr,DateHeureDebut) VALUES (19,'22-04-17 10:00:10');
INSERT INTO HORAIRES (NumEpr,DateHeureDebut) VALUES (3,'27-02-17 10:20:10');
INSERT INTO HORAIRES (NumEpr,DateHeureDebut) VALUES (13,'02-09-17 13:30:10');
INSERT INTO HORAIRES (NumEpr,DateHeureDebut) VALUES (5,'17-05-17 20:30:10');
INSERT INTO HORAIRES (NumEpr,DateHeureDebut) VALUES (2,'28-04-16 20:30:10');
INSERT INTO HORAIRES (NumEpr,DateHeureDebut) VALUES (2,'04-08-17 20:30:10');
INSERT INTO HORAIRES (NumEpr,DateHeureDebut) VALUES (1,'09-07-16 5:30:10');
INSERT INTO HORAIRES (NumEpr,DateHeureDebut) VALUES (6,'20-08-16 5:30:10');
INSERT INTO HORAIRES (NumEpr,DateHeureDebut) VALUES (4,'25-02-16 5:30:10');
INSERT INTO HORAIRES (NumEpr,DateHeureDebut) VALUES (10,'10-06-16 12:30:10');
<<<<<<< HEAD
INSERT INTO HORAIRES (NumEpr,DateHeureDebut) VALUES (20,'03-05-17 10:30:10');

=======
>>>>>>> refs/remotes/origin/master

/*OCCUPATIONS*/
INSERT INTO OCCUPATIONS (NumSal,NumEpr,NbPlacesOcc) VALUES (4,4,30);
INSERT INTO OCCUPATIONS (NumSal,NumEpr,NbPlacesOcc) VALUES (14,13,66);
INSERT INTO OCCUPATIONS (NumSal,NumEpr,NbPlacesOcc) VALUES (7,20,23);
INSERT INTO OCCUPATIONS (NumSal,NumEpr,NbPlacesOcc) VALUES (4,19,85);
INSERT INTO OCCUPATIONS (NumSal,NumEpr,NbPlacesOcc) VALUES (5,10,37);
INSERT INTO OCCUPATIONS (NumSal,NumEpr,NbPlacesOcc) VALUES (14,4,88);
INSERT INTO OCCUPATIONS (NumSal,NumEpr,NbPlacesOcc) VALUES (8,4,85);
INSERT INTO OCCUPATIONS (NumSal,NumEpr,NbPlacesOcc) VALUES (15,3,83);
INSERT INTO OCCUPATIONS (NumSal,NumEpr,NbPlacesOcc) VALUES (18,12,62);
INSERT INTO OCCUPATIONS (NumSal,NumEpr,NbPlacesOcc) VALUES (16,1,22);
INSERT INTO OCCUPATIONS (NumSal,NumEpr,NbPlacesOcc) VALUES (16,18,84);
INSERT INTO OCCUPATIONS (NumSal,NumEpr,NbPlacesOcc) VALUES (6,12,52);
INSERT INTO OCCUPATIONS (NumSal,NumEpr,NbPlacesOcc) VALUES (6,11,71);
INSERT INTO OCCUPATIONS (NumSal,NumEpr,NbPlacesOcc) VALUES (10,3,80);
INSERT INTO OCCUPATIONS (NumSal,NumEpr,NbPlacesOcc) VALUES (2,8,29);
INSERT INTO OCCUPATIONS (NumSal,NumEpr,NbPlacesOcc) VALUES (8,14,85);
INSERT INTO OCCUPATIONS (NumSal,NumEpr,NbPlacesOcc) VALUES (2,12,84);
INSERT INTO OCCUPATIONS (NumSal,NumEpr,NbPlacesOcc) VALUES (4,14,79);
INSERT INTO OCCUPATIONS (NumSal,NumEpr,NbPlacesOcc) VALUES (16,3,24);
INSERT INTO OCCUPATIONS (NumSal,NumEpr,NbPlacesOcc) VALUES (9,5,83);

/*SURVEILLANCES*/

INSERT INTO SURVEILLANCES (NumEns,DateHeureDebut,NumSal) VALUES (11,'03-05-17 10:30:10',3);
INSERT INTO SURVEILLANCES (NumEns,DateHeureDebut,NumSal) VALUES (4,'03-05-17 10:30:10',2);
INSERT INTO SURVEILLANCES (NumEns,DateHeureDebut,NumSal) VALUES (3,'03-05-17 10:30:10',12);
INSERT INTO SURVEILLANCES (NumEns,DateHeureDebut,NumSal) VALUES (5,'03-05-17 10:30:10',9);
INSERT INTO SURVEILLANCES (NumEns,DateHeureDebut,NumSal) VALUES (3,'03-05-17 10:30:10',11);
INSERT INTO SURVEILLANCES (NumEns,DateHeureDebut,NumSal) VALUES (4,'03-05-17 10:30:10',6);
INSERT INTO SURVEILLANCES (NumEns,DateHeureDebut,NumSal) VALUES (16,'03-05-17 10:30:10',2);
INSERT INTO SURVEILLANCES (NumEns,DateHeureDebut,NumSal) VALUES (7,'03-05-17 10:30:10',5);
INSERT INTO SURVEILLANCES (NumEns,DateHeureDebut,NumSal) VALUES (5,'03-05-17 10:30:11',16);
INSERT INTO SURVEILLANCES (NumEns,DateHeureDebut,NumSal) VALUES (2,'03-05-17 10:30:10',8);




